{"count":1,"self":14.0709936,"total":1190.263537,"children":{"InitializeActuators":{"count":64,"self":0.0049159999999999994,"total":0.0049159999999999994,"children":null},"InitializeSensors":{"count":64,"self":0.0054399999999999995,"total":0.0054399999999999995,"children":null},"AgentSendState":{"count":16105,"self":4.9356848,"total":9.469752,"children":{"CollectObservations":{"count":128896,"self":0.37129599999999996,"total":0.37129599999999996,"children":null},"WriteActionMask":{"count":128896,"self":0.185804,"total":0.185804,"children":null},"RequestDecision":{"count":128896,"self":0.385027,"total":3.9769669999999997,"children":{"AgentInfo.ToProto":{"count":128896,"self":0.427433,"total":3.5919399999999997,"children":{"GenerateSensorData":{"count":128896,"self":2.275576,"total":3.164507,"children":{"RayPerceptionSensor.Perceive":{"count":386688,"self":0.88893099999999992,"total":0.88893099999999992,"children":null}}}}}}}}},"DecideAction":{"count":16105,"self":1166.326272,"total":1166.326241,"children":null},"AgentAct":{"count":16105,"self":0.309189,"total":0.309189,"children":null},"AgentInfo.ToProto":{"count":1697,"self":0.012248,"total":0.071853,"children":{"GenerateSensorData":{"count":1697,"self":0.045711999999999996,"total":0.059605,"children":{"RayPerceptionSensor.Perceive":{"count":5091,"self":0.013892999999999999,"total":0.013892999999999999,"children":null}}}}}},"gauges":{"AirCollector.CumulativeReward":{"count":1697,"max":984.8205,"min":-14.7343273,"runningAverage":119.023163,"value":440.174957,"weightedAverage":361.000244}},"metadata":{"timer_format_version":"0.1.0","start_time_seconds":"1689949157","unity_version":"2022.2.12f1","command_line_arguments":"\/home\/florentin\/projects\/python\/unity_ml_agents\/examples\/AirCollectorPlus_Seed_Env_64\/bin\/AirCollector.x86_64 -nographics -batchmode --mlagents-port 5008 -logFile \/home\/florentin\/projects\/python\/unity_ml_agents\/results\/AirCollector_agents_64_workers_8_seed_1\/run_logs\/Player-3.log","communication_protocol_version":"1.5.0","com.unity.ml-agents_version":"2.3.0-exp.3","scene_name":"BatchEnvs_64","end_time_seconds":"1689950347"}}