{"count":1,"self":60.5881408,"total":1663.097022,"children":{"InitializeActuators":{"count":16,"self":0.002933,"total":0.002933,"children":null},"InitializeSensors":{"count":16,"self":0.005624,"total":0.005624,"children":null},"AgentSendState":{"count":188169,"self":14.678972799999999,"total":29.942712999999998,"children":{"CollectObservations":{"count":376352,"self":1.013989,"total":1.013989,"children":null},"WriteActionMask":{"count":376352,"self":0.527007,"total":0.527007,"children":null},"RequestDecision":{"count":376352,"self":1.181423,"total":13.722743999999999,"children":{"AgentInfo.ToProto":{"count":376352,"self":1.4019629999999998,"total":12.541321,"children":{"GenerateSensorData":{"count":376352,"self":8.4335399999999989,"total":11.139358,"children":{"RayPerceptionSensor.Perceive":{"count":1129056,"self":2.705818,"total":2.705818,"children":null}}}}}}}}},"DecideAction":{"count":188169,"self":1571.5969023999999,"total":1571.5969479999999,"children":null},"AgentAct":{"count":188169,"self":0.9185589999999999,"total":0.92159099999999994,"children":{"AgentInfo.ToProto":{"count":85,"self":0.00052799999999999993,"total":0.003032,"children":{"GenerateSensorData":{"count":85,"self":0.001807,"total":0.0025039999999999997,"children":{"RayPerceptionSensor.Perceive":{"count":255,"self":0.00069699999999999992,"total":0.00069699999999999992,"children":null}}}}}}},"AgentInfo.ToProto":{"count":833,"self":0.006247,"total":0.034631999999999996,"children":{"GenerateSensorData":{"count":833,"self":0.021393,"total":0.028384999999999997,"children":{"RayPerceptionSensor.Perceive":{"count":2499,"self":0.006992,"total":0.006992,"children":null}}}}}},"gauges":{"AirCollector.CumulativeReward":{"count":918,"max":17086.1914,"min":-22.8979931,"runningAverage":2242.635,"value":16975.959,"weightedAverage":9963.934}},"metadata":{"timer_format_version":"0.1.0","start_time_seconds":"1691058773","unity_version":"2022.2.12f1","command_line_arguments":"\/home\/florentin\/projects\/unity\/builds\/AirCollectorPlus_Seed_Env_16\/bin\/AirCollector.x86_64 -nographics -batchmode --mlagents-port 5007 -logFile \/home\/florentin\/projects\/python\/unity_ml_agents\/results\/Air04_shared_config_agents_16_workers_8_seed_4\/run_logs\/Player-2.log","communication_protocol_version":"1.5.0","com.unity.ml-agents_version":"2.3.0-exp.3","scene_name":"BatchEnvs_16","end_time_seconds":"1691060435"}}